{
  "condition": "minecraft:alternative",
  "terms": [
    {
      "condition": "minecraft:entity_properties",
      "entity": "this",
      "predicate": {
        "nbt": 
        "{SelectedItem:{id:\"minecraft:armor_stand\",tag:{display:{Name:'{\"text\":\"ZMI\"}'}}}}"
      }
    },
    {
      "condition": "minecraft:entity_properties",
      "entity": "this",
      "predicate": {
        "nbt": 
        "{Inventory:[{id:\"minecraft:armor_stand\",Slot:-106b,tag:{display:{Name:'{\"text\":\"ZMI\"}'}}}]}"
      }
    }
  ]
}