{
    "type": "minecraft:crafting_shapeless",
    "ingredients": [
        {
            "item": "minecraft:chainmail_helmet"
        },
        {
            "item": "minecraft:chainmail_chestplate"
        },
        {
            "item": "minecraft:chainmail_leggings"
        },
        {
            "item": "minecraft:chainmail_boots"
        },
        {
            "item": "minecraft:armor_stand"
        }
    ],
    "result": {
        "item": "minecraft:knowledge_book",
        "count": 1
    }
}
