{
    "type": "minecraft:crafting_shaped",
    "pattern": [
        "###",
        "#/#",
        "SMS"
    ],
    "key": {
        "#": {
            "item": "minecraft:spruce_trapdoor"
        },
        "S": {
            "item": "minecraft:spruce_planks"
        },
        "M": {
            "item": "minecraft:minecart"
        },
        "/": {
            "item": "minecraft:golden_sword"
        }
    },
    "result": {
        "item": "minecraft:knowledge_book",
        "count": 1
    }
}
